Country,CountryCount
United States,2402
Brazil,1029
Argentina,430
Japan,202
Mexico,141
Philippines,107
Indonesia,88
Malaysia,86
United Kingdom,86
Canada,76
Colombia,73
Uruguay,65
Thailand,61
Venezuela,57
Chile,42
Peru,34
India,32
Saudi Arabia,24
Australia,22
Russian Federation,20
Paraguay,18
France,17
Spain,14
Turkey,13
Portugal,12
Costa Rica,11
Ecuador,11
United Arab Emirates,10
Singapore,8
Dominican Republic,8
Morocco,8
Egypt,7
Panama,7
Guatemala,6
Kuwait,6
South Korea,6
Italy,6
Nicaragua,6
New Zealand,5
Ireland,5
Deutschland,5
Jamaica,5
Qatar,4
Jordan,4
El Salvador,4
Nederland,3
Kenya,3
Honduras,3
Pakisthan,3
